"animalID","gender_prediction","phenotyped_gender","new_prop_X","proportion_SNPs_Y","sampdepth"
"TrainA224","Uncertain","M",0.169431697846806,0.411764705882353,0.63183125599233
"TrainA265","F","M",0.226424674360899,0.0588235294117647,13.7344199424736
"TrainA28","F","M",0.265002292983191,0,5.42281879194631
"TrainA307","F","M",0.29902093941554,0,13.9894534995206
"TrainA389","M","F",0.0215562275958482,0.764705882352941,2.23298178331735
"TrainA99","F","M",0.323913396725053,0,14.3355704697987
